bacteria1,bacteria2,LNA,MNA,HNA,algae1,algae2
3,0,3,4.579785,4.954244,3,4
3,3,4.579784,4.954243,7,3,7
7,6,,,,7,7
7,0,,,,7,4
